[
    {
        "id":1,
        "user_name": "asepoli",
        "password": "04eec7613363d2cfd29a7c54dcecca33"
    },
    {
        "id":2,
        "user_name": "jajangkopling",
        "password": "63d4bf331328d50065cc3676eba9d2c4"
    },
    {
        "id":3,
        "user_name": "marcoac",
        "password": "18b4d7420434c31b527bb817ad52456d"
    },
    {
        "id":4,
        "user_name": "iepgalon",
        "password": "79ad6853c120d0e75aec64764f81c9ad"
    },
    {
        "id":5,
        "user_name": "dadangbengkel",
        "password": "56a93a23b70efd1e06a6f00817103572"     
    }
]